x,y,z,type
123,44,-65,minecraft:mob_spawner
204,39,-102,minecraft:mob_spawner
162,18,107,minecraft:mob_spawner
40,28,88,minecraft:mob_spawner
67,27,109,minecraft:mob_spawner
218,15,98,minecraft:mob_spawner
142,15,118,minecraft:mob_spawner
48,27,113,minecraft:mob_spawner
296,37,20,minecraft:mob_spawner
298,37,21,minecraft:chest
297,37,23,minecraft:chest
3,29,-120,minecraft:mob_spawner
1,29,-143,minecraft:chest
-14,29,-146,minecraft:mob_spawner
-2,29,-141,minecraft:mob_spawner
-5,29,-140,minecraft:chest
-18,29,-95,minecraft:mob_spawner
144,28,181,minecraft:mob_spawner
140,31,188,minecraft:mob_spawner
185,29,196,minecraft:mob_spawner
237,18,239,minecraft:mob_spawner
190,71,231,minecraft:chest
202,74,227,minecraft:chest
204,71,236,minecraft:bed
203,71,236,minecraft:bed
200,56,133,minecraft:chest
198,56,133,minecraft:furnace
198,57,133,minecraft:furnace
33,38,198,minecraft:mob_spawner
100,58,283,minecraft:mob_spawner
98,58,283,minecraft:chest
101,58,286,minecraft:chest
57,21,293,minecraft:mob_spawner
45,16,288,minecraft:mob_spawner
88,14,310,minecraft:chest
89,14,310,minecraft:mob_spawner
87,14,310,minecraft:chest
61,33,346,minecraft:mob_spawner
87,34,343,minecraft:mob_spawner
79,26,336,minecraft:mob_spawner
163,32,314,minecraft:mob_spawner
