x,y,z,uuid,type,alive,display_name,custom_name
204.24247966352638,69.0,-154.17696563094756,240a17d2-bf47-4f51-aea6-68d6871b95fc,minecraft:sheep,true,Sheep,[null]
201.14251701714505,68.0,-142.8567682980552,719f53b5-0004-46d5-bdaf-bcc64a25078a,minecraft:sheep,true,Sheep,[null]
124.75212001252845,72.0,8.200207840070197,966896e5-ce32-4587-bce0-c70e1fb51a16,minecraft:pig,true,Pig,[null]
136.17477196150756,71.0,-18.759583356179874,92afabad-25d1-4496-9889-adae1279775c,minecraft:pig,true,Pig,[null]
177.85190243367416,70.0,2.5505392637685294,e96722df-2ffc-4fee-8b0b-86b52ee6d954,minecraft:pig,true,Pig,[null]
152.80530310830667,72.0,-17.243899702040828,8374ce0a-deb5-4814-96eb-d36c7a56e011,minecraft:pig,true,Pig,[null]
164.8188835292608,73.0,4.193634400490636,da676ad9-3750-44f5-be8b-32d2543a4b0b,minecraft:pig,true,Pig,[null]
190.51740781168775,78.0,-7.751307112135044,6f0e935c-8ace-4bef-9772-4b3d15b52cb7,minecraft:pig,true,Pig,[null]
184.24847949010248,77.0,-9.483093837867976,025721d7-c501-44f2-8f81-fd589d980d85,minecraft:pig,true,Pig,[null]
171.49844805210847,71.0,-26.70399481498205,cc3950bb-80a8-42c1-a6da-1e2efa7f2107,minecraft:pig,true,Pig,[null]
203.5,40.0625,-40.5,c2831cb2-58f1-4cba-ac94-ad5c0d0568c5,minecraft:chest_minecart,true,Minecart with Chest,[null]
189.26762794280467,70.0,-64.24156041438117,e42a7e2c-c81b-4889-942f-03a22371d4bf,minecraft:pig,true,Pig,[null]
144.22114590477446,69.0,-43.79559822410844,d2862173-5f44-4e26-80a2-1c7dc8c225d8,minecraft:pig,true,Pig,[null]
169.9102271724006,69.0,-56.73445181942335,73dc12cf-b1d0-4a44-ae81-73c093aefe17,minecraft:pig,true,Pig,[null]
214.7686211877956,71.0,50.878066915326805,93bf77b7-89f8-43f3-a5a5-6d11c0a15e49,minecraft:chicken,true,Chicken,[null]
204.5,22.0625,54.5,04a5aa2c-2715-4499-9c58-a5002ad653a3,minecraft:chest_minecart,true,Minecart with Chest,[null]
173.24618513316955,70.0,-65.51792318726174,199251e1-30ef-4f1b-a8f5-3c4aa3d32fde,minecraft:pig,true,Pig,[null]
184.5,19.0625,69.5,f38e6174-0458-4874-82bb-9cbbadc40086,minecraft:chest_minecart,true,Minecart with Chest,[null]
184.5,43.0625,-89.5,4d2bdbcc-5026-4c7d-b101-8d8ae7d6f4f2,minecraft:chest_minecart,true,Minecart with Chest,[null]
159.14907185116493,68.0,68.1674418188451,85a71cc9-969d-4a79-8c14-8511b7dee35c,minecraft:sheep,true,Sheep,[null]
169.5,15.0625,78.5,b4dcf7dc-c8d4-4a25-8598-75ff2e62daa6,minecraft:chest_minecart,true,Minecart with Chest,[null]
166.2683311098908,70.0,65.47715433376196,90453756-468f-4c07-ab0c-3e3eac87776b,minecraft:sheep,true,Sheep,[null]
244.66480741873673,86.0,22.380976094286424,0e4273dc-b619-4bac-aeb8-7afd022d0bfa,minecraft:fox,true,Fox,[null]
246.5,12.0625,92.5,bef27e87-fec0-45e2-959f-bb69c329f890,minecraft:chest_minecart,true,Minecart with Chest,[null]
234.0520251634338,73.0,102.60366576833236,f6b5aee7-f8f6-4b2f-801b-2f07158c6164,minecraft:chicken,true,Chicken,[null]
54.5,27.0625,88.5,73f24ff1-750f-4125-a820-aa3b79df0d15,minecraft:chest_minecart,true,Minecart with Chest,[null]
213.5,37.0625,-96.5,a342b4e4-c9ff-4047-a81a-0aea6f1c2101,minecraft:chest_minecart,true,Minecart with Chest,[null]
249.8234844626228,69.0,-117.83868220382847,5bb792d8-63c4-4f4e-bded-162ddbaf4a5d,minecraft:sheep,true,Sheep,[null]
259.80481315136814,67.0,-116.59121206387005,7efe634c-f173-4a49-8bfa-93bbdff0d6b6,minecraft:sheep,true,Sheep,[null]
265.49947839730356,68.0,-122.73110767522992,1c024944-5bff-4b71-936d-f4edb2dd2236,minecraft:sheep,true,Sheep,[null]
74.51317468975873,75.0,-114.44121373469937,d0d8e763-f6e5-4f00-8929-c3a650bf7279,minecraft:chicken,true,Chicken,[null]
60.84291658748121,71.0,-115.77755423823058,35636803-1c29-4b6f-83ab-864e3ca35ed8,minecraft:chicken,true,Chicken,[null]
62.45038104130663,71.0,-110.95542974263529,d4ec46a7-4d1b-4763-9101-db8d0f56f7ad,minecraft:chicken,true,Chicken,[null]
75.0,75.0,-114.0,ca16397c-0416-4db6-b275-dac2d69fdafa,minecraft:chicken,true,Chicken,[null]
33.33126199945811,67.0,-57.74051970512023,38c308a1-63ea-4952-81cd-32292f30bb34,minecraft:wolf,true,Wolf,[null]
235.86849598046683,73.0,110.21513398183878,268e6edb-79c6-49b3-a30d-6a8554e49c46,minecraft:chicken,true,Chicken,[null]
240.13589134087238,74.0,98.78856911690036,81142a2a-61f1-4c11-952b-189fb8613494,minecraft:chicken,true,Chicken,[null]
239.21344067466322,74.0,103.13529481647724,6158436a-cecb-4dd3-b408-5c2d39bd9063,minecraft:chicken,true,Chicken,[null]
269.2004499063245,68.0,-114.19818735476757,75e9a6ee-53fb-434d-854b-26544723e03b,minecraft:sheep,true,Sheep,[null]
192.7452458679634,68.0,-130.78136333493913,4ba97ede-14ca-4e5b-8f8e-3b553bada8ff,minecraft:sheep,true,Sheep,[null]
244.85673463489636,67.0,-130.85083945100436,cb896623-221f-4e36-aee1-7f308c445f11,minecraft:sheep,true,Sheep,[null]
26.5,27.0625,102.5,66c981de-0603-43dc-893b-1c0fa756c8b0,minecraft:chest_minecart,true,Minecart with Chest,[null]
37.25081446905918,72.0,118.75210757469341,01c33178-a411-47ca-9f3b-eead367e4003,minecraft:wolf,true,Wolf,[null]
26.926091881477543,67.0,-60.30000001192093,a9b81382-3efa-499d-9bbd-213be814f44d,minecraft:wolf,true,Wolf,[null]
28.69999998807907,67.0,-52.07011337049564,5831475a-f5ce-4916-9537-03fa10d26848,minecraft:wolf,true,Wolf,[null]
20.6948534051654,64.0,-66.58529828450057,72af0004-95cf-4f35-b410-5abaa8897776,minecraft:wolf,true,Wolf,[null]
226.5,12.0625,112.5,a6c3e10e-7be9-44a1-b94f-da5a985359a6,minecraft:chest_minecart,true,Minecart with Chest,[null]
47.484305087410874,69.0,-139.2199687857473,a7445d1e-25b5-4210-9fb5-9d8dd11e23a4,minecraft:pig,true,Pig,[null]
179.81963143424431,71.0,-157.18104849030092,58582ccc-6f4e-48ca-b7d8-078d4ec712a1,minecraft:sheep,true,Sheep,[null]
252.79823597902555,68.0,-147.258459839704,46370153-987d-4657-8b24-d1c03f69fd5c,minecraft:sheep,true,Sheep,[null]
254.23736285195488,68.0,-146.21235927091038,5ebc9049-4e30-4065-84ca-d527fbe81992,minecraft:sheep,true,Sheep,[null]
255.42351185704158,67.0,-144.13219061816764,8ebaae36-7ae1-4421-968b-80cf7a4b15c4,minecraft:sheep,true,Sheep,[null]
299.7358593384627,64.0,58.42386684548639,f62c51e6-d77c-45d0-9c0c-1a1221747fc7,minecraft:pig,true,Pig,[null]
174.5,24.0625,131.5,227515f2-434c-4b9f-b63e-1a8d54400f53,minecraft:chest_minecart,true,Minecart with Chest,[null]
302.5659590216262,73.0,-51.02037413075488,644a593c-8883-4967-9367-6f2330845104,minecraft:pig,true,Pig,[null]
300.2842411058613,74.0,-62.55715152649013,e2ce04ee-46a0-4bae-82a3-78cf9ce2e2b7,minecraft:pig,true,Pig,[null]
8.5,24.0625,-121.5,5f2d7c1d-fdde-4d0b-91d6-55062d67392a,minecraft:chest_minecart,true,Minecart with Chest,[null]
292.3683445656386,66.0,120.5751653176115,b3c81d0c-f9ab-4517-89ea-13e3304c20be,minecraft:wolf,true,Wolf,[null]
290.73556198437984,69.0,-71.45905252091333,32132bd6-4754-437a-a36a-4b4acc9bb398,minecraft:sheep,true,Sheep,[null]
302.5064448819212,73.0,-79.25338319739684,6c6588f3-c84a-4767-9acb-38df1f3c2242,minecraft:pig,true,Pig,[null]
4.5,29.0625,-139.5,ae0d81bb-0eef-43d9-a7b7-0470c945dee2,minecraft:chest_minecart,true,Minecart with Chest,[null]
231.0,68.0,-170.0,d615bb20-f7a0-433e-a811-7acc384e5c7b,minecraft:horse,true,Horse,[null]
232.0,68.0,-173.0,914d1455-a6cc-4556-87f8-59298a2b335c,minecraft:horse,true,Horse,[null]
-4.821628629101936,72.0,49.21361773145278,80449e01-0d26-4a68-a396-fd72cdf94a91,minecraft:cow,true,Cow,[null]
306.5,57.00999999046326,122.5,c021ef5c-af0c-4c46-a1df-7f5ac4450df6,minecraft:falling_block,true,Falling Block,[null]
45.29644017024944,27.0,144.17791901684006,9703c005-38d6-413e-9139-1827171cb848,minecraft:item,true,Rail,[null]
43.125,27.00050000002375,146.875,d5262d28-3c9e-4b0a-8cee-fbfe966ad1a4,minecraft:item,true,Rail,[null]
304.0606937716599,72.0,-78.48942973079986,ef3f5de0-57a9-4868-a579-c3752ee09814,minecraft:pig,true,Pig,[null]
48.25,27.0,145.59032696811062,838a5dc4-2f4b-4426-9c49-fa37e79195ba,minecraft:item,true,Rail,[null]
60.13006480145331,41.0,148.06462820230826,dccaabcc-29c6-4463-ae37-93bbf3e70329,minecraft:item,true,Rail,[null]
63.25,41.0,154.125,084d54a0-0742-4bd6-8cb3-1597eb63948b,minecraft:item,true,Rail,[null]
53.125,40.07341736834166,154.125,07bc3eb8-1533-46fc-a589-5cab6d69c02a,minecraft:item,true,Rail,[null]
63.28713966618266,41.0,156.25,877a7705-a986-48b9-aca3-72200e3b6615,minecraft:item,true,Rail,[null]
57.53863729121243,40.0,159.20036051295628,33d12af5-faf5-4bee-95f4-888d37205084,minecraft:item,true,Rail,[null]
66.34116028679182,41.0,156.875,1c351e59-d23d-4f89-9fe5-029f45c5ba48,minecraft:item,true,Rail,[null]
67.70030072745207,41.0,155.30250866710907,4dcbd8b7-662c-47f8-9350-6c8ffc69d214,minecraft:item,true,Rail,[null]
89.50498904476608,70.0,159.96680906544995,9c6f9978-4440-4288-b802-201a6c04901c,minecraft:chicken,true,Chicken,[null]
84.01384845956599,70.0,159.4732562575289,f92d0fe2-9e65-4831-a87e-565b928e13f7,minecraft:pig,true,Pig,[null]
-0.4857077660173406,76.40739540236494,135.1138746613583,015875dd-ceb6-4e6d-9167-81afb70a189a,minecraft:sheep,true,Sheep,[null]
-2.0,77.0,136.0,46574e11-acd2-4ca2-b918-30c7eca2fa1e,minecraft:sheep,true,Sheep,[null]
217.5,18.0625,158.5,00fc6c66-90e1-4618-b797-2ae7f7a3bbe3,minecraft:chest_minecart,true,Minecart with Chest,[null]
87.33507138380111,70.0,170.6454635510505,4eb54f9c-d769-4e5f-b98f-568ca1b73cfc,minecraft:pig,true,Pig,[null]
86.68524434617802,70.0,171.8336823552001,a3e30b31-87e8-4994-a8af-fcdd337feab9,minecraft:pig,true,Pig,[null]
55.11995123246676,71.0,159.94976944106978,fd1150ad-000f-4f70-9151-53cea3be7014,minecraft:chicken,true,Chicken,[null]
172.5,34.0625,166.5,af5a5e6c-4d5b-4b6b-8288-e2bf10a79994,minecraft:chest_minecart,true,Minecart with Chest,[null]
204.0,70.0,-180.0,ece71619-ea20-4df8-9ec2-89b58ed73a39,minecraft:pig,true,Pig,[null]
203.0,70.0,-179.0,3a6302f9-0fc8-4ada-8cd7-a9865f869a6d,minecraft:pig,true,Pig,[null]
203.0,70.0,-180.0,6153db5c-9f37-4e4e-b456-d7008ab4a6a2,minecraft:pig,true,Pig,[null]
203.0,70.0,-180.0,99f99c16-86c0-4f91-a259-afcbf0643264,minecraft:pig,true,Pig,[null]
-26.5,29.0625,-108.5,8409f52d-22de-4ecd-a18a-4c72594511b9,minecraft:chest_minecart,true,Minecart with Chest,[null]
334.0,71.0,26.0,90b7153f-ec82-4ebe-8507-29be6c56ec23,minecraft:sheep,true,Sheep,[null]
335.0,71.0,23.0,7852c615-3b57-4266-945d-f3ba13939ae8,minecraft:sheep,true,Sheep,[null]
334.0,72.0,30.0,d74f5aab-9aa5-4b69-a55b-9f9f42296280,minecraft:sheep,true,Sheep,[null]
334.0,72.0,31.0,6e725800-edd3-46f0-a0ce-14f825631e84,minecraft:sheep,true,Sheep,[null]
326.0,72.0,39.0,c6e19871-3d8f-47c7-b714-068476c82dc7,minecraft:sheep,true,Sheep,[null]
325.0,72.0,40.0,b94f02be-4b61-4ab4-b7a8-54271db1a24e,minecraft:sheep,true,Sheep,[null]
323.0,72.0,42.0,ef2e68a6-88d9-4968-b090-90f8368c77df,minecraft:sheep,true,Sheep,[null]
325.0,72.0,41.0,02c49cd8-a5f4-4879-8790-083273257635,minecraft:sheep,true,Sheep,[null]
128.5,32.0625,191.5,2e3822ea-6063-4374-93de-86ac8b3cd204,minecraft:chest_minecart,true,Minecart with Chest,[null]
129.5,34.0625,205.5,36bd4b30-4108-4790-9655-8f68046bbf9f,minecraft:chest_minecart,true,Minecart with Chest,[null]
125.875,28.0,185.25,e4cd9ba8-154f-452c-a093-f1a8ff6494fc,minecraft:item,true,String,[null]
123.0,71.0,186.0,2836f585-053d-4813-8455-6da6668e60d7,minecraft:pig,true,Pig,[null]
123.41234451874317,71.0,187.70730770489138,bf69431b-b977-4927-adb7-256d621a0886,minecraft:pig,true,Pig,[null]
124.64869806170464,28.265529930591583,192.64639422297478,77bb0b82-bd58-41ca-bd75-1a3118bdbe88,minecraft:item,true,Rail,[null]
124.69529244303703,28.3437117934227,193.32711943984032,3716d63a-f2c3-4d90-9bc0-6007b824232b,minecraft:item,true,Rail,[null]
124.55563390254974,28.608911484479904,194.6504925787449,a5b107d3-211c-412d-8f01-e2133475fa6a,minecraft:item,true,Rail,[null]
124.4599786400795,25.428521990776062,206.6128769516945,3f3b8fa1-5da0-4bd2-9448-cf0332802800,minecraft:item,true,Rail,[null]
125.49378901720047,27.378184139728546,194.69243690371513,9c0cc773-f765-41e1-8f92-bcb8d587fc25,minecraft:item,true,String,[null]
124.37547805905342,25.6643608212471,207.6748430132866,726397d0-8e77-45e2-b041-1ac181880cb9,minecraft:item,true,Rail,[null]
124.43328616023064,25.404911637306213,204.68162992596626,45584a67-ad08-49b7-9e0c-942238eafa93,minecraft:item,true,Rail,[null]
124.37157279253006,25.40600076317787,203.36808794736862,7559fd02-d1bb-4a99-9548-37e8488482a8,minecraft:item,true,Rail,[null]
124.63050657510757,25.341169953346252,202.49664652347565,7ee92308-7f95-49a5-80d0-3471796750fa,minecraft:item,true,Rail,[null]
125.64789110422134,27.666075259447098,196.31996127963066,f3b63183-6ba0-4258-a25e-ab661973584f,minecraft:item,true,String,[null]
249.5,21.5,219.5,7069b062-da7e-48b9-b3ec-27b9cbe02d71,minecraft:chest_minecart,true,Minecart with Chest,[null]
152.5,34.0625,210.5,1b615544-2498-4c88-8357-c950753b9385,minecraft:chest_minecart,true,Minecart with Chest,[null]
296.5,15.5,212.5,e9d4973f-3dd4-43a6-8f1c-457cd8fc774d,minecraft:chest_minecart,true,Minecart with Chest,[null]
298.0,72.0,206.0,9d781f43-cd4f-4127-b21d-3d03f7750370,minecraft:pig,true,Pig,[null]
212.5,24.5,228.5,0991e1de-32bf-42da-a874-9a59579fafe4,minecraft:chest_minecart,true,Minecart with Chest,[null]
257.5,21.5,224.5,79134b86-fbd3-40ed-97d7-b1ee7372d486,minecraft:chest_minecart,true,Minecart with Chest,[null]
262.0,72.0,227.0,260b7177-ff64-476e-b9d5-4399816b6b9b,minecraft:pig,true,Pig,[null]
263.0,73.0,225.0,076e75cd-dee6-4c8f-b122-cbae195f2589,minecraft:pig,true,Pig,[null]
263.0,73.0,224.89999997615814,a9908bac-c0cb-413a-8640-6b9ceb9cc2d6,minecraft:pig,true,Pig,[null]
265.0,72.0,227.0,4b93ad8d-5753-48e4-914a-293d496d931e,minecraft:pig,true,Pig,[null]
243.0,65.0,235.0,edd9f2a5-e5e0-47c7-9a43-725640215030,minecraft:cow,true,Cow,[null]
242.0,65.0,233.0,0123a991-c721-44a4-a24b-226d066e3813,minecraft:cow,true,Cow,[null]
242.0,65.0,232.0,e1512d93-0e94-4aaf-9a21-f474bc15a2c0,minecraft:cow,true,Cow,[null]
241.0,65.0,232.0,1ff4a1c0-e669-4c30-b626-7038d23f0106,minecraft:cow,true,Cow,[null]
182.5,35.5,227.5,62afcdec-bab7-4f6a-abf5-f6b0172ddee3,minecraft:chest_minecart,true,Minecart with Chest,[null]
285.5,19.009999990463257,208.5,2dee86ed-d081-4430-943e-2ce7da51a6d1,minecraft:falling_block,true,Falling Block,[null]
286.5,19.009999990463257,208.5,58f48910-1390-4cf1-97ac-794b3966fee1,minecraft:falling_block,true,Falling Block,[null]
283.25,10.0,195.875,9b23a9e6-0791-4ecd-936f-f518a8bbe7c4,minecraft:item,true,Rail,[null]
283.44459459587944,10.0,193.75,5ece4a11-3772-4b46-9aae-528563478854,minecraft:item,true,Rail,[null]
286.545310988029,10.0,194.4776475821657,c035369f-3a6f-4a89-ba2f-4eb8251a999e,minecraft:item,true,Rail,[null]
86.79890084448435,71.0,176.2588658847027,6ce6c78a-6bd2-4942-915e-00c85921036f,minecraft:pig,true,Pig,[null]
-72.33004419979018,72.0,117.16568803225708,8321c731-7f92-4c8d-a18a-afd6f656c704,minecraft:fox,true,Fox,[null]
-68.0,72.0,117.0,3008aadf-f088-4872-bf2d-17e94ebba451,minecraft:fox,true,Fox,[null]
-114.26462686905337,74.0,57.498035401204284,ea5d55aa-3406-4d75-887d-3370ec946c75,minecraft:sheep,true,Sheep,[null]
-107.5246193775563,74.0,59.26804031716989,8b75bab4-2d08-4178-a685-8e3f40c6c4a2,minecraft:sheep,true,Sheep,[null]
-125.5,44.0625,89.5,2adc1b84-064e-4d73-9283-5d872e085202,minecraft:chest_minecart,true,Minecart with Chest,[null]
-113.30878916758226,66.0,14.582220086403234,f82325ab-2503-441c-89fb-b0daa34904cd,minecraft:item,true,Spruce Sapling,[null]
-73.5221711744137,67.0,-24.79695452186545,c0f8327f-ff53-401f-b903-259c92c4652c,minecraft:chicken,true,Chicken,[null]
-89.12994035369542,64.0,-26.809341553430457,fd6c81e9-1b2a-4776-b8fd-64b6a38535be,minecraft:chicken,true,Chicken,[null]
-89.12291735296603,66.0,-45.42170733486393,e3068852-8dc2-4ade-b1ed-85b96913f976,minecraft:chicken,true,Chicken,[null]
-96.41820340771238,66.0,-45.91727316819033,9286c6d0-a091-4cf4-b976-0968354c9fe8,minecraft:chicken,true,Chicken,[null]
-155.0099897811071,72.0,54.86384553846494,f7df2bcd-4040-4dc5-a249-40195ab5168a,minecraft:cow,true,Cow,[null]
-155.5,43.0625,64.5,7507a609-9a6e-48e1-97c9-35691a92e642,minecraft:chest_minecart,true,Minecart with Chest,[null]
-169.0,65.0,74.0,4affbea7-6184-45a7-a4bd-9fdf4dacb681,minecraft:chicken,true,Chicken,[null]
-161.4018864294201,68.0,80.52392371326975,f8404f87-b88a-411f-aa7e-76bb315511da,minecraft:chicken,true,Chicken,[null]
-163.613945166871,67.0,80.47625190580295,a9f1a579-035d-47fc-949d-5fd5f65486c0,minecraft:chicken,true,Chicken,[null]
-172.13706112197164,65.0,75.80306182248067,9b2fccc7-dbbd-4406-8932-b76daf75de93,minecraft:chicken,true,Chicken,[null]
-185.81310424143382,63.0,21.186886739859155,2aa35e9c-1b36-4983-b89f-016e68392052,minecraft:pig,true,Pig,[null]
-178.479729775524,63.0,18.47913244567316,04ed9c9b-9ca5-46f9-8076-ea54e739a473,minecraft:pig,true,Pig,[null]
-178.0,63.0,25.0,83e76c65-da3b-4f72-9eb2-32131116cb84,minecraft:pig,true,Pig,[null]
-177.0,63.0,25.0,0b9db8ee-92ef-4e20-a5b9-55a75fb3fd36,minecraft:pig,true,Pig,[null]
-191.59999999403954,63.0,-15.599999994039536,b5a81d65-1aa0-4eab-aa0c-b7daf69cf20b,minecraft:chicken,true,Chicken,[null]
-200.8195772224724,63.0,42.24588927280402,fa7ae139-7864-4d22-bee1-eed43d538383,minecraft:sheep,true,Sheep,[null]
-204.15165976025867,63.0,40.76209461037997,8cc61deb-2cfc-449b-a601-052d8d2b8b61,minecraft:sheep,true,Sheep,[null]
-203.64296856180815,63.0,42.02848024910475,ec63e6dc-a4f4-4080-bb6d-34ca0d2df689,minecraft:sheep,true,Sheep,[null]
-207.53433053670355,62.48536877671663,38.46570144575315,36289bcd-47d6-4dfc-a1bd-5d407e8895ca,minecraft:sheep,true,Sheep,[null]
170.6342608767894,73.0,66.07147036747858,39b0e7b7-2a21-42cb-a485-2f3b111a8b47,minecraft:skeleton,true,Skeleton,[null]
185.20484511326202,69.0,98.5331116953514,85c35c24-edd2-41f5-90a7-fc5b200483ef,minecraft:creeper,true,Creeper,[null]
136.5,66.0,82.5,e26b4c02-8c13-4b27-9f22-3ad3095a2b59,minecraft:creeper,true,Creeper,[null]
234.0,64.0,240.89999997615814,16dd6e88-406e-4de8-bd2d-9536d13e71ad,minecraft:cow,true,Cow,[null]
234.0,64.0,240.89999997615814,8a5dd150-b545-446f-9713-4553c66703a1,minecraft:cow,true,Cow,[null]
232.0,64.0,243.0,fd959819-3bf8-4395-a06f-ba56fdd011c9,minecraft:cow,true,Cow,[null]
233.0,64.0,243.0,2370fd91-0ece-4d5d-9c68-c59d76239953,minecraft:cow,true,Cow,[null]
128.5,27.5,243.5,61ae2c3d-7954-4d45-a7cb-c010f1269389,minecraft:chest_minecart,true,Minecart with Chest,[null]
233.6344909965992,19.565996021032333,232.34436124563217,280334b3-0014-41df-b117-3e2d56aa4228,minecraft:item,true,Rail,[null]
233.7279586493969,19.27616810798645,233.60385558009148,5f518480-f5ab-4fc1-a8a2-997c9fdf7836,minecraft:item,true,Rail,[null]
233.57847568392754,19.54603025317192,234.3729862868786,b0f728ac-a944-4e4b-b199-f07b87fada95,minecraft:item,true,Rail,[null]
203.44850916793098,70.0,90.55115015324637,978682fe-e8ef-478d-9cd1-fe27ef3a6fb1,minecraft:spider,true,Spider,[null]
177.5,65.0,38.5,50f8da58-be43-49f5-831a-69e9da8c285c,minecraft:skeleton,true,Skeleton,[null]
209.74631086678582,22.0,73.80200083826196,24e52890-c0de-4128-8945-ce3aa5b47374,minecraft:zombie,true,Zombie,[null]
211.2753962087385,22.0,73.78150460096336,17838bbe-592e-41b4-a387-9bb1f28c6309,minecraft:zombie,true,Zombie,[null]
198.3333737562349,31.0,84.29320762227826,e18fff49-56c3-482e-9425-ed3aabfe206c,minecraft:skeleton,true,Skeleton,[null]
135.5432338249461,57.0,56.23093656896722,9c4dcef8-180b-4db8-a87a-30570ace2824,minecraft:creeper,true,Creeper,[null]
124.61275069320195,56.0,62.8869130329997,b951da59-8130-4d9e-ad9b-4bf66f50e20a,minecraft:spider,true,Spider,[null]
190.9343225836937,63.0,119.63270356089728,d607eff3-d46d-4e30-80b6-95dbd7d49d1c,minecraft:item,true,Stick,[null]
186.22665965724067,64.0,117.48866528708115,ee163df3-0f90-4c64-b162-ad1b51fd6e55,minecraft:item,true,Stick,[null]
191.2691520968656,63.0,121.70569212803676,ca1ad82c-dd1a-42b5-ae89-b31b9d30ccf0,minecraft:item,true,Birch Sapling,[null]
196.32291890626328,61.0,119.05605350988291,f7df0e70-215a-46ad-9da8-abc660f1047a,minecraft:item,true,Apple,[null]
216.5036352769337,72.0,48.73127830578496,6bfc86c2-3145-432f-959b-4ec24360af72,minecraft:skeleton,true,Skeleton,[null]
213.720032264994,72.0,70.2597052463033,f929f6bd-084d-44c4-974b-1b0235ec5b97,minecraft:skeleton,true,Skeleton,[null]
215.48818447641,71.0,50.78793851453263,37951bab-9324-467f-92ca-1af7f6223190,minecraft:skeleton,true,Skeleton,[null]
176.3349541805723,48.0,137.3819761275042,0a11c39b-faed-4ef0-b7df-2b826a9b4af2,minecraft:experience_orb,true,Experience Orb,[null]
175.89049996421642,48.0,138.42574329674662,22f9e6ce-53d7-4447-8e6b-9f061f9e7a4a,minecraft:experience_orb,true,Experience Orb,[null]
177.15747231047612,48.0,136.25,d69950e9-f746-45c0-8736-cfd6d5b6a4f9,minecraft:experience_orb,true,Experience Orb,[null]
176.42821321587812,48.0,138.26525381374393,04c03038-a140-4b74-b509-af120fc30596,minecraft:experience_orb,true,Experience Orb,[null]
182.33580096188166,48.0,135.14175597754425,a5de6956-bcf5-4b32-91ed-71105823c0f9,minecraft:item,true,Birch Log,[null]
178.13157674837908,48.0,134.81010183195463,47aae1d8-ecd6-4040-b9c8-f3af356c2f8b,minecraft:item,true,Oak Log,[null]
179.9009257004207,48.0,133.125,3b7924ad-9e7b-4016-8f87-31135e3a462e,minecraft:item,true,Torch,[null]
182.2266124385582,47.0,134.34111701512006,7e94c045-b706-4e44-bb4b-77c6897e7146,minecraft:item,true,Iron Axe,[null]
180.28804847099667,48.0,134.40614444636404,759ea289-98b6-4922-bf5d-ed6ce2138275,minecraft:item,true,Iron Pickaxe,[null]
181.11960997214254,48.0,132.90975046686776,4eb56426-0df0-452c-a7b8-adf59f056025,minecraft:item,true,Iron Sword,[null]
177.94777309647824,48.0,136.67444699226948,0fbf6fd8-9f62-4684-9112-69b9de288a9f,minecraft:item,true,Iron Boots,[null]
178.18146587213693,48.0,137.19637154187635,c0c16cbf-7846-473b-8d8a-1a51bbeca871,minecraft:item,true,Iron Leggings,[null]
179.605296596881,46.0,141.5670066066043,6aa3f79a-d03b-4ded-b4f9-9c2a3b5d6769,minecraft:item,true,Iron Chestplate,[null]
180.32956802840147,48.0,137.1354362497364,321da9eb-fcad-4d3f-a258-92c129b69973,minecraft:item,true,Iron Helmet,[null]
181.53238066877606,47.0,134.34301853883198,5cd475f9-f74f-49e0-8a6b-6d9584440a94,minecraft:item,true,Rotten Flesh,[null]
185.2784569623597,48.0,135.875,cde53bea-e02c-4c12-a627-c024cbc71ffa,minecraft:item,true,Dirt,[null]
182.875,47.0,133.93144035428168,0981eae3-f486-467d-92b4-1846ca92dde1,minecraft:item,true,Cobblestone,[null]
229.4896981927033,78.0,47.789224579906254,97319f8e-94c1-40e0-a0f3-f6c68989e8be,minecraft:creeper,true,Creeper,[null]
227.30000001192093,76.0,53.46071380733535,e15e5ab0-a98f-4401-b485-7940b05a477c,minecraft:spider,true,Spider,[null]
21.470075417722366,55.372333421875425,-202.1527842377152,380df991-f603-344c-a090-369bad2a924a,minecraft:player,true,Dev,[null]
138.25,45.10000002384186,-79.875,9ad3033d-2cc5-4be8-8431-02e98831b53c,minecraft:bat,true,Bat,[null]
138.25,45.10000002384186,-79.125,feec99ad-3b43-4ed1-98bf-4c615bb8de50,minecraft:bat,true,Bat,[null]
147.50215449929146,28.744936226595094,-22.832190283701973,b54a8696-bcc6-4ef9-b0e3-04f1555fa167,minecraft:bat,true,Bat,[null]
178.4916003088929,40.10000002384186,-60.75,d031cdc5-ee56-437b-b34d-7e949166b684,minecraft:bat,true,Bat,[null]
178.25,40.10000002384186,-57.25,be2dafe1-dd35-4d94-b33f-28055bbc107b,minecraft:bat,true,Bat,[null]
180.5771068778854,39.10000002384186,-61.07499999925494,33b6fd4e-ec80-4667-94de-9deb0daddb6d,minecraft:bat,true,Bat,[null]
184.25,40.10000002384186,-62.25,7fef6277-d154-41a4-b5e3-73e820359421,minecraft:bat,true,Bat,[null]
186.5,67.0,52.5,425a3db8-f7ca-42f7-b97f-bd2d5f972c5f,minecraft:creeper,true,Creeper,[null]
195.20070233078596,69.0,57.1396270176804,c5bbc8d6-386b-4491-93cd-ee45f4b6bb82,minecraft:creeper,true,Creeper,[null]
144.5,77.0,14.5,f18aaadd-61f1-45c7-839f-c2198e9bfb47,minecraft:skeleton,true,Skeleton,[null]
126.44125140967706,70.0,-46.58031244766132,3f418abd-7fb2-4ec7-861d-792f7883166d,minecraft:creeper,true,Creeper,[null]
133.1509408883689,70.0,-52.15096678624035,e082f8c9-7d12-4b42-9558-14edde59d83e,minecraft:creeper,true,Creeper,[null]
120.55531908099951,69.0,-34.79641347898523,6efaf156-ea30-49b6-8637-44ca993b7377,minecraft:creeper,true,Creeper,[null]
139.1857528879686,70.0,-42.25621388837459,bee50f8f-248a-4589-8b8b-3c76f4c79843,minecraft:creeper,true,Creeper,[null]
184.5,71.0,87.5,232ed487-6bfc-4549-bf3d-de5592520234,minecraft:zombie,true,Zombie,[null]
123.25,12.100000023841858,-42.75,59105abc-50cc-4532-9cf8-751255823b0d,minecraft:bat,true,Bat,[null]
160.125,43.10000002384186,-61.75,ff87c726-c430-4ac6-a183-18d8b0837a0b,minecraft:bat,true,Bat,[null]
226.2030108412184,75.0,57.21495480042347,75bf55f8-a6b0-48fc-8418-df8fe8a09e16,minecraft:skeleton,true,Skeleton,[null]
215.39825968672562,72.0,47.660910500013415,0de66e8e-74d6-42ba-a8b1-c9b79f6c0689,minecraft:creeper,true,Creeper,[null]
223.14506724493887,77.0,44.22441750591433,0517b67e-a52d-45fe-94f7-228fca9e0931,minecraft:creeper,true,Creeper,[null]
222.20672422097286,74.0,49.49818944155455,77713f2e-f3f1-4c59-900d-49eef4166aea,minecraft:creeper,true,Creeper,[null]
144.5,69.0,40.5,ce1fe5f7-0c9b-44a7-873a-073ddba295d4,minecraft:skeleton,true,Skeleton,[null]
145.5,69.0,42.5,2fdf7d31-7988-4909-a1fd-bf6157565f1b,minecraft:skeleton,true,Skeleton,[null]
42.69999998807907,64.0,-80.43241908034291,25d4791b-1163-4e66-a9be-fe8a0ec38609,minecraft:spider,true,Spider,[null]
82.5,64.0,-86.5,a923462d-4a8a-4115-8513-e611c8bcd1dc,minecraft:zombie,true,Zombie,[null]
197.21565546683948,76.0,13.747048407971539,65c14796-88b4-4f2b-b0eb-51ac6ec6d2eb,minecraft:zombie,true,Zombie,[null]
187.48443625762613,68.0,-127.48443983695013,00798ddc-14d8-4c07-b2d5-5ee1aa018f49,minecraft:spider,true,Spider,[null]
186.1360646577262,69.0,-112.86322752822537,e584fd06-12cc-47b7-8879-25d3b2a81423,minecraft:creeper,true,Creeper,[null]
172.8479558268526,70.0,-115.78459357975646,b733721f-0016-4ea1-b384-21294b0a1250,minecraft:creeper,true,Creeper,[null]
182.6600421036861,69.0,-117.62692570505799,f5edcd29-28f1-460d-a1c0-9f0885ccf2f2,minecraft:creeper,true,Creeper,[null]
223.50196957165778,70.0,80.3427620865295,be64aff6-bf44-4504-b8f8-0e4a8c4c81e5,minecraft:skeleton,true,Skeleton,[null]
226.60011625056808,70.0,71.9405952674167,991fb73a-8f3b-49dc-9540-9d45fdab6b04,minecraft:skeleton,true,Skeleton,[null]
245.78351952020645,67.0,-60.57522998351152,3a62a5aa-1c3f-40c8-8ece-199944cd5ec9,minecraft:creeper,true,Creeper,[null]
41.5,21.0,-12.5,ace07339-0771-488e-8e76-b80f0ae1f369,minecraft:zombie,true,Zombie,[null]
74.78130340794435,51.326341601234994,-123.00616904056201,779dbfa0-88ff-4a02-9d46-3a54229f672e,minecraft:bat,true,Bat,[null]
73.5,72.0,-122.5,456c8947-27f4-4054-9519-13ac64a41cc3,minecraft:spider,true,Spider,[null]
96.8256365941464,67.0,72.76406544332653,d33375da-9fa4-4647-85fa-6eebb33b0474,minecraft:creeper,true,Creeper,[null]
50.5,71.0,-22.5,f30dda30-ab9f-491a-a937-e1a03def89e3,minecraft:spider,true,Spider,[null]
74.42134457455793,70.0,39.58562636673714,075af76d-1b27-480d-8334-a9ab1e8e1126,minecraft:spider,true,Spider,[null]
69.5,75.0,-95.5,c62218ea-33a9-46aa-adee-ad74aca51b35,minecraft:creeper,true,Creeper,[null]
76.57499703893767,71.0,-88.39507467049945,ba69734e-26b9-4eb3-9b04-21c067b5934d,minecraft:creeper,true,Creeper,[null]
181.5,69.0,-103.5,26fcd6fd-c5d1-4675-9ca7-a62d4567687d,minecraft:enderman,true,Enderman,[null]
64.5,69.0,-61.5,d5d45c93-570f-4ead-b6ea-4c5b419c7744,minecraft:zombie,true,Zombie,[null]
181.25,44.10000002384186,-67.25,3224b9ee-016a-4b48-a3c4-23745064be8a,minecraft:bat,true,Bat,[null]
84.03857995611662,51.992771982887994,-128.4834389536225,65f671c0-32f5-4533-b64b-21a192eaa21a,minecraft:bat,true,Bat,[null]
80.25,51.10000002384186,-117.4889898753388,caf01128-292e-4705-90df-27f3c06a46c5,minecraft:bat,true,Bat,[null]
115.40788094666621,45.10000002384186,-104.17772421792863,24f9582d-e466-4b6f-84ce-bfc0424a2d62,minecraft:bat,true,Bat,[null]
126.3725906857494,35.24046273958606,-57.71728616040001,477730de-8790-4260-bdf9-a02ac216e20b,minecraft:bat,true,Bat,[null]
87.5,70.0,-45.5,c549c51e-cf9a-4e79-a6f7-1569a04a83e1,minecraft:creeper,true,Creeper,[null]
130.74991112227323,75.0,37.201988154375215,b699ffb8-64ca-47fc-ab61-76a3f2c09d58,minecraft:zombie,true,Zombie,[null]
38.76522748607328,69.0,-23.740533292444532,8a0ca5cc-cd53-4e2c-83c9-d2865c604644,minecraft:skeleton,true,Skeleton,[null]
136.5,67.0,80.5,fd03e196-8313-4db2-aa3b-a12aa9c189d1,minecraft:skeleton,true,Skeleton,[null]
185.77965896824915,46.0,-68.77715247056943,20d3f72f-45ff-47a0-b2c5-4e8db3247d3a,minecraft:zombie,true,Zombie,[null]
191.57675274595383,46.0,-61.42129921761937,07d8b4f0-7ff7-4bd8-aec1-ddefc017ca12,minecraft:zombie,true,Zombie,[null]
190.65477150624986,46.0,-61.85897270340172,bb4ef72f-c123-4d00-a675-a4bf39fb7a99,minecraft:zombie,true,Zombie,[null]
191.5,46.0,-70.5,0257aed2-592e-428f-a001-d2e3c36fdb7d,minecraft:spider,true,Spider,[null]
121.25,58.10000002384186,67.41213049795215,b139c52b-2b6d-4363-b34a-b6cd2cd7285d,minecraft:bat,true,Bat,[null]
57.5,71.0,16.5,0108e3ef-0b44-4d4c-bcac-4dfadca2a4fe,minecraft:skeleton,true,Skeleton,[null]
63.152715277486855,72.0,1.5882182616361251,7a7f0b08-8757-413d-b278-acd22a5640f6,minecraft:creeper,true,Creeper,[null]
81.5,70.0,22.5,39167289-b7d7-4feb-ac06-4f50d96af5ae,minecraft:skeleton,true,Skeleton,[null]
68.47942934981194,72.0,15.658307390915176,eaecf60c-7b7e-48f3-abb0-64ad5034408e,minecraft:skeleton,true,Skeleton,[null]
117.5,44.0,-52.5,c87ab1d1-87e8-4265-8e7c-9ad3ba37945a,minecraft:skeleton,true,Skeleton,[null]
240.5,67.0,-28.5,eb93d709-0307-4ada-92f6-036f13d42fcb,minecraft:zombie,true,Zombie,[null]
253.25023980271942,68.0,-25.513480714241084,d6305063-b016-4852-96cb-29dc9b0b3fab,minecraft:zombie,true,Zombie,[null]
243.5552624672311,66.0,-30.854540046760192,93fb2911-651c-40cb-af1f-a829a6e4f65c,minecraft:skeleton,true,Skeleton,[null]
251.75229258967758,65.0,-33.70590369229327,c3f15a46-350a-4980-83ba-be221df13bba,minecraft:skeleton,true,Skeleton,[null]
158.23810719653173,69.0,-57.77436013742407,e5d182e2-f99c-4cf7-a48e-7c64fc645392,minecraft:zombie,true,Zombie,[null]
118.5,69.0,74.5,6d817b24-e579-48cd-8b85-741c076162c2,minecraft:creeper,true,Creeper,[null]
125.7189908014536,31.0,-44.30000001192093,dfd1f78e-b1da-428d-984a-575c28eacaa9,minecraft:spider,true,Spider,[null]
125.5,29.0,-38.5,6b8adc5e-a1eb-47ea-8e23-f6bb40d8ce7f,minecraft:spider,true,Spider,[null]
190.5,67.0,50.5,a37bdfb6-cc67-4674-8030-38527dd3eeae,minecraft:skeleton,true,Skeleton,[null]
226.5,48.0,-88.5,7756e405-98b9-4863-85f1-efabff2b030a,minecraft:creeper,true,Creeper,[null]
238.78884641535228,74.0,103.17605033777184,27ee1452-4a27-4211-b349-8eb9741b46a3,minecraft:item,true,Egg,[null]
10.413529536322008,37.0,174.125,bcf47cc6-6dc9-4dda-b228-a08f16d0485f,minecraft:item,true,Rail,[null]
-20.0,69.0,220.0,f83ef727-5330-4a2e-9fa0-cf247ea0608e,minecraft:pig,true,Pig,[null]
-24.0,69.0,222.0,8e66de65-b1c9-42ff-87af-890bbb6b448a,minecraft:pig,true,Pig,[null]
-21.0,69.0,223.0,7f746241-c6d5-4ca3-af9a-536bcb2ded79,minecraft:pig,true,Pig,[null]
-18.0,70.0,220.0,a428aee4-9402-440e-97ff-a5f524ba50e5,minecraft:pig,true,Pig,[null]
22.0,72.0,271.0,b5c43767-f057-4276-b4a5-a357d6c694fd,minecraft:chicken,true,Chicken,[null]
21.0,70.0,269.0,d7635c8b-23d7-47e5-8fa7-675532165232,minecraft:chicken,true,Chicken,[null]
21.43643545613924,71.0,270.53872209237534,8caf2315-c43e-421e-bcfe-566fd7ff8154,minecraft:chicken,true,Chicken,[null]
25.0,67.0,263.0,93a2b57b-204c-4143-b11a-157a8f56ad18,minecraft:chicken,true,Chicken,[null]
27.414975050569737,69.0,270.49846187101775,2945c1ee-1b67-416b-9129-e74b3d9977ea,minecraft:chicken,true,Chicken,[null]
28.902482515912922,66.0,262.90382450035776,33e66105-ae81-44d2-ad53-52a742714718,minecraft:chicken,true,Chicken,[null]
33.0,66.0,269.0,c5a089ff-fa52-417a-97c0-e4b911fcc931,minecraft:chicken,true,Chicken,[null]
33.93330998395242,66.0,270.4612520518154,7d3e303f-317a-4fd3-b18f-867be101c900,minecraft:chicken,true,Chicken,[null]
90.0,63.0,277.0,85aa83ff-a120-4a41-8586-d78709081fde,minecraft:wolf,true,Wolf,[null]
89.0,63.0,277.0,b8e5cdcd-c1b3-490d-9978-7c778f8e2445,minecraft:wolf,true,Wolf,[null]
-7.34796461963911,20.0,298.50999999046326,247127de-e5ed-48b9-a092-ab3cfb390fc4,minecraft:chest_minecart,true,Minecart with Chest,[null]
0.8383302920642274,69.0,293.45098868469717,78bc689c-a4cd-411f-bd98-26a2554277b2,minecraft:wolf,true,Wolf,[null]
-3.3138007341677715,70.0,295.29037804222867,aef19655-81b4-4854-93a1-6ebe3c1e2f32,minecraft:wolf,true,Wolf,[null]
-2.504397889240827,69.0,286.5608018512127,5e0580c0-1a6f-4ed5-9d45-cf96777cbb34,minecraft:wolf,true,Wolf,[null]
1.6580324844769954,69.0,291.4666820220815,e53e7043-0d8e-46eb-97bf-ac517a4aa300,minecraft:wolf,true,Wolf,[null]
89.74879166483879,21.60927277803421,288.50321075320244,f8dffd01-8c74-48f3-9f86-262447c8c1d1,minecraft:item,true,Rail,[null]
48.36296657137849,24.078023660023117,301.5740024078487,66b495fe-aea8-4df6-9716-fd9cce4a698d,minecraft:item,true,Rail,[null]
48.26069362153262,23.9127310217025,300.1673601277041,fb9d3642-ec0e-4a76-8064-63e76361c70a,minecraft:item,true,Rail,[null]
48.540376517362525,23.853488951981277,302.6189832451505,307fef19-2d9d-450e-a859-ccecdb8fa5c7,minecraft:item,true,Rail,[null]
48.65469808786057,23.784067511618346,299.13420421828624,7ca35005-933e-4472-88be-6d30b45ad1e9,minecraft:item,true,Rail,[null]
48.6029576649381,24.104942083418578,298.7209770817039,716c286e-4441-408e-9a2c-cd8fec9ac6b6,minecraft:item,true,Rail,[null]
-26.0,68.0,299.0,fcf280c3-118f-4dec-ad4b-7f2dc50617b2,minecraft:sheep,true,Sheep,[null]
-23.708038243958146,68.0,295.6793722520917,4c868941-96fc-460d-b9d8-2a516b948fab,minecraft:sheep,true,Sheep,[null]
-22.150247602555527,70.0,322.92592852792615,1f1d0a20-f59e-4625-a072-125d471a8e0b,minecraft:chicken,true,Chicken,[null]
-19.079276216325553,70.0,326.8473483760359,9eaea0d2-506d-49a6-99e1-1b5527991a71,minecraft:chicken,true,Chicken,[null]
-19.537108134421786,70.0,327.0841029696616,814d73a8-a8ad-4f32-8d15-df19732dc2f2,minecraft:chicken,true,Chicken,[null]
-21.0,70.0,323.0,11608638-a072-49ab-b966-c22f27207223,minecraft:chicken,true,Chicken,[null]
-31.599999994039536,69.0,335.0,63b3e847-cc7b-48ad-990f-9b4d2e613528,minecraft:chicken,true,Chicken,[null]
-37.243587680561745,69.0,326.4039170721279,f06a4e35-9718-4ded-b98c-7d0aa44a5b49,minecraft:chicken,true,Chicken,[null]
-31.213241672093314,69.0,333.8890719903752,abe44e8d-9430-42dc-8ef6-d1d56b046802,minecraft:chicken,true,Chicken,[null]
-28.94930118791127,70.0,335.5525908840811,81567c77-77e2-4175-8a6e-08f30e280313,minecraft:chicken,true,Chicken,[null]
-36.4213851845947,69.0,327.0259582566137,83b8311b-ae2e-48ad-ac28-08d7fd1d54c2,minecraft:chicken,true,Chicken,[null]
-31.0,69.0,333.0,1320207c-654e-40e1-a952-fc7ee46657d7,minecraft:chicken,true,Chicken,[null]
-27.20633489281139,70.0,324.88777951769947,32e941a5-7d49-4783-8065-abbbdc3dd535,minecraft:chicken,true,Chicken,[null]
-33.82662302672719,71.24918707874468,337.3723810577104,4f8d9a68-ede6-4bb8-94de-14351be3b9fb,minecraft:chicken,true,Chicken,[null]
-5.490000009536743,17.0,341.44673127579796,8b941f1c-16c5-4381-b1aa-aa60c9ba4473,minecraft:chest_minecart,true,Minecart with Chest,[null]
-13.5,23.0625,350.5,2d1c5a38-fc49-4fee-b656-29cd60d9440d,minecraft:chest_minecart,true,Minecart with Chest,[null]
7.3766304046889974,67.0,341.67110565720014,b3fced04-5abf-44ad-bf4b-547200581271,minecraft:cow,true,Cow,[null]
6.0,66.0,346.0,176d38fa-30ef-4d35-8324-84ef80e577f7,minecraft:cow,true,Cow,[null]
5.0,66.0,349.0,dc639a08-147c-4296-8208-e5bc47c07269,minecraft:cow,true,Cow,[null]
3.0,67.0,339.0,9b446bca-25d0-4f25-86b1-05f16e08f215,minecraft:cow,true,Cow,[null]
-32.5,20.0625,315.5,c7e5e392-e271-4be1-b0da-ced7e6ff53d3,minecraft:chest_minecart,true,Minecart with Chest,[null]
-6.125000000000001,20.010156917040828,298.875,d464f66d-b4c8-40ad-9350-52614faf5c78,minecraft:item,true,Rail,[null]
27.576005965471268,17.65807467699051,328.3702652454376,92be8db9-1488-4df4-93c6-c87133d92653,minecraft:item,true,String,[null]
28.584029525518417,15.665420025587082,328.35167917609215,78225e75-a5fc-43ed-90c8-1ce427e6b3ee,minecraft:item,true,Rail,[null]
28.54336979985237,15.74344739317894,329.7391074001789,fbad0136-7683-478a-a718-cbcec98fb26a,minecraft:item,true,Rail,[null]
28.398831009864807,15.649510741233826,330.74206003546715,deb96aef-a07c-409b-b623-8db96bb6686a,minecraft:item,true,Rail,[null]
-105.0,75.0,266.0,1ca1de50-2072-4cc1-8ff8-00f2c462cdfe,minecraft:cow,true,Cow,[null]
61.71102286058422,71.0,-116.38484188515199,815519e8-4dea-41e0-84f3-8594b2d7251e,minecraft:item,true,Egg,[null]
159.5,34.0625,348.5,5345703d-5f25-4eee-a639-4e3b9ff9f992,minecraft:chest_minecart,true,Minecart with Chest,[null]
190.5,41.5,350.5,6c349759-a78e-4498-9584-b135ac5d68bd,minecraft:chest_minecart,true,Minecart with Chest,[null]
160.89999997615814,63.0,314.0,138211ba-9826-462b-bc72-8f39f612baa2,minecraft:sheep,true,Sheep,[null]
162.0,64.0,316.0,64af81eb-b937-493c-a1c9-552236d99d49,minecraft:sheep,true,Sheep,[null]
61.703211065627684,71.0,-111.59627270337364,5124abe5-f82a-4613-9a4a-0d6458e82542,minecraft:item,true,Egg,[null]
1.125,26.00050000002375,351.125,9872ef5e-26f4-49e4-bd88-ff9c9b336bc1,minecraft:item,true,Rail,[null]
10.58493767657883,26.0,351.125,e474e82b-7a5e-404d-b926-9fc49d98aeec,minecraft:item,true,Rail,[null]
11.485164366431881,26.0,351.4657191204202,da50bb35-cca4-46e8-8aea-509232d0c673,minecraft:item,true,Rail,[null]
-5.125,17.0,344.25,4d66e998-bb30-4273-9259-db5d57ba6855,minecraft:item,true,Rail,[null]
25.684729158878326,14.657628268003464,334.4067428410053,f463adbe-93b6-46e7-90ad-9d98e0403cd9,minecraft:item,true,Rail,[null]
24.29010719060898,14.306522935628891,334.34245121479034,b28a50a4-cd0e-4c64-97a5-daf28e5d1845,minecraft:item,true,Rail,[null]
23.323831915855408,14.67702892422676,334.2682360112667,5c9c6821-4ffc-4eb5-9d7d-d2dba40ed36d,minecraft:item,true,Rail,[null]
-7.1271466763271984,20.0,344.508309398431,50c9ddf8-03cf-43dc-93f4-2369a4be33fe,minecraft:item,true,String,[null]
-127.0,78.0,260.0,fdd1d816-5e71-4e6b-8b46-f4209eab3164,minecraft:chicken,true,Chicken,[null]
-124.0,78.0,259.0,48de37c6-c054-405b-bd1a-94b0e4c1cd71,minecraft:chicken,true,Chicken,[null]
215.2841268124476,71.0,51.6851788921642,ccc90f75-09ea-489b-8ba8-7f4289f8636c,minecraft:item,true,Egg,[null]
236.09250307854114,73.0,110.7828489954962,33831d9c-2c84-4314-92c3-c8a9befa08b8,minecraft:item,true,Egg,[null]
-3.1617735368112463,73.0,-204.11233274629902,68b695d6-1766-48be-af9f-7aab3bcb3d02,minecraft:chicken,true,Chicken,[null]
80.40000000596046,74.0,-196.0,f4457e94-8a52-4531-855b-714d97b42cd7,minecraft:chicken,true,Chicken,[null]
80.40000000596046,74.0,-195.0,09e99f97-0bc9-462e-868c-9e03c4874fef,minecraft:chicken,true,Chicken,[null]
66.0,72.0,-246.0,d14068a5-aca6-45e1-a8dd-0530ae205405,minecraft:chicken,true,Chicken,[null]
64.40000000596046,72.0,-245.0,ebe2347b-00cc-46b0-98cc-da8b2b9c1d4b,minecraft:chicken,true,Chicken,[null]
65.0,72.0,-245.0,93668a5b-6633-4952-8130-f3d7ade19920,minecraft:chicken,true,Chicken,[null]
67.0,72.0,-247.0,e704e812-d9d9-4f1d-8b74-e263b896713f,minecraft:chicken,true,Chicken,[null]
74.96206813095955,75.0,-114.88674651640386,c6eab306-0ae3-48f2-ab65-11721c1cb757,minecraft:item,true,Egg,[null]
